306 Cox Creek Pwky,Florence,AL,
1505 Florence Blvd,Florence,AL,35630
2200 S McKenzie St Wm,Foley,AL,
1010 S McKenzie St,Foley,AL,36535
205 Glenn Blvd SW,Fort Payne,AL,35967
239 Howell St,Fultondale,AL,35078
200 N 12th St,Gadsden,AL,35901
952 Rainbow Dr,Gadsden,AL,35091
890 Odum Rd Wm,Gardendale,AL,
1017 Decatur Hwy,Gardendale,AL,35071
1205 W Maple Ave,Geneva,AL,36340
616 Chastain Blvd W,Glencoe,AL,35905
9200 Grand Bay Wilmer Rd S,Grand Bay,AL,36541
1401 State St,Greensboro,AL,36744
112 Greenville Byp,Greenville,AL,36037
2000 Gulf Shores Pwky,Gulf Shores,AL,36542
1745 Gunter Ave,Guntersville,AL,35976
2006 11th Ave,Haleyville,AL,35565
Hwy 78 Military St S,Hamilton,AL
740 Main St NE,Hanceville,AL,35077
201 Highway 31 SW,Hartselle,AL,35640
14267 Us 231,Hazel Green,AL,
7210 Wyndham Pwky,Helena,AL,35080
100 State Farm Pwky,Homewood,AL,35209
818 Green Springs Hwy,Homewood,AL,35209
2789 John Hawkins Pwky Wm,Hoover,AL,
2000 Riverchase Galleria,Hoover,AL,35244
1547 Montgomery Hwy,Hoover,AL,35216
1731 Montgomery Hwy,Hoover,AL,35244
1007 Red Farmer Rd Wm,Hueytown,AL,